merged_event_id,candidate_note,birth_frame,winner_instrument,winner_score,runner_up_instrument,runner_up_score,winner_state,winner_window_alignment,piano_score,piano_affinity,piano_window,piano_body_ratio,piano_secondary_ratio,violin_score,violin_affinity,violin_window,violin_body_ratio,violin_secondary_ratio,cello_score,cello_affinity,cello_window,cello_body_ratio,cello_secondary_ratio,organ_score,organ_affinity,organ_window,organ_body_ratio,organ_secondary_ratio,dominant_instrument,dominant_score,dominant_state_layered,support_instruments,support_count,support_combo_key
30,7.8'-,5045,piano,1.300000000,cello,0.100000000,LEANING_WINNER,WINNER_IN_OWN_TARGET_WINDOW,1.300000000,NO_INSTRUMENT_TRACE,TARGET_ONLY_WINDOW,0.000000000,0.000000000,0.100000000,NO_INSTRUMENT_TRACE,OTHER_ONLY_WINDOW,0.000000000,0.000000000,0.100000000,NO_INSTRUMENT_TRACE,OTHER_ONLY_WINDOW,0.000000000,0.000000000,0.100000000,NO_INSTRUMENT_TRACE,OTHER_ONLY_WINDOW,0.000000000,0.000000000,UNRESOLVED_FIELD,1.300000000,NO_STRUCTURAL_OWNER,,0,<NONE>
31,7.8'-,5136,organ,1.100000000,piano,1.100000000,AMBIGUOUS,WINNER_IN_MIXED_WINDOW,1.100000000,NO_INSTRUMENT_TRACE,MIXED_WINDOW,0.000000000,0.000000000,0.500000000,NO_INSTRUMENT_TRACE,OTHER_ONLY_WINDOW,0.000000000,0.000000000,0.500000000,NO_INSTRUMENT_TRACE,OTHER_ONLY_WINDOW,0.000000000,0.000000000,1.100000000,NO_INSTRUMENT_TRACE,MIXED_WINDOW,0.000000000,0.000000000,UNRESOLVED_FIELD,1.100000000,NO_STRUCTURAL_OWNER,,0,<NONE>
32,7.8'-,5140,organ,0.700000000,piano,0.700000000,AMBIGUOUS,WINNER_IN_MIXED_WINDOW,0.700000000,NO_INSTRUMENT_TRACE,MIXED_WINDOW,0.000000000,0.000000000,0.100000000,NO_INSTRUMENT_TRACE,OTHER_ONLY_WINDOW,0.000000000,0.000000000,0.100000000,NO_INSTRUMENT_TRACE,OTHER_ONLY_WINDOW,0.000000000,0.000000000,0.700000000,NO_INSTRUMENT_TRACE,MIXED_WINDOW,0.000000000,0.000000000,UNRESOLVED_FIELD,0.700000000,NO_STRUCTURAL_OWNER,,0,<NONE>
33,7.8'-,5226,cello,1.200000000,piano,1.200000000,AMBIGUOUS,WINNER_IN_MIXED_WINDOW,1.200000000,NO_INSTRUMENT_TRACE,MIXED_WINDOW,0.000000000,0.000000000,1.200000000,NO_INSTRUMENT_TRACE,MIXED_WINDOW,0.000000000,0.000000000,1.200000000,NO_INSTRUMENT_TRACE,MIXED_WINDOW,0.000000000,0.000000000,0.600000000,NO_INSTRUMENT_TRACE,OTHER_ONLY_WINDOW,0.000000000,0.000000000,UNRESOLVED_FIELD,1.200000000,NO_STRUCTURAL_OWNER,,0,<NONE>
35,7.8'-,5230,cello,0.900000000,piano,0.900000000,AMBIGUOUS,WINNER_IN_MIXED_WINDOW,0.900000000,NO_INSTRUMENT_TRACE,MIXED_WINDOW,0.000000000,0.000000000,0.900000000,NO_INSTRUMENT_TRACE,MIXED_WINDOW,0.000000000,0.000000000,0.900000000,NO_INSTRUMENT_TRACE,MIXED_WINDOW,0.000000000,0.000000000,0.300000000,NO_INSTRUMENT_TRACE,OTHER_ONLY_WINDOW,0.000000000,0.000000000,UNRESOLVED_FIELD,0.900000000,NO_STRUCTURAL_OWNER,,0,<NONE>
37,7.8'-,5318,piano,1.400000000,cello,0.200000000,LEANING_WINNER,WINNER_IN_OWN_TARGET_WINDOW,1.400000000,NO_INSTRUMENT_TRACE,TARGET_ONLY_WINDOW,0.000000000,0.000000000,0.200000000,NO_INSTRUMENT_TRACE,OTHER_ONLY_WINDOW,0.000000000,0.000000000,0.200000000,NO_INSTRUMENT_TRACE,OTHER_ONLY_WINDOW,0.000000000,0.000000000,0.200000000,NO_INSTRUMENT_TRACE,OTHER_ONLY_WINDOW,0.000000000,0.000000000,UNRESOLVED_FIELD,1.400000000,NO_STRUCTURAL_OWNER,,0,<NONE>
153,8.5'-,5238,cello,12.588888890,piano,1.300000000,CLEAR_WINNER,WINNER_IN_MIXED_WINDOW,1.300000000,NO_INSTRUMENT_TRACE,MIXED_WINDOW,0.000000000,0.000000000,1.300000000,NO_INSTRUMENT_TRACE,MIXED_WINDOW,0.000000000,0.000000000,12.588888890,HIGH_BODY_AFFINITY,MIXED_WINDOW,0.888888889,0.000000000,0.700000000,NO_INSTRUMENT_TRACE,OTHER_ONLY_WINDOW,0.000000000,0.000000000,cello,12.588888890,CLEAR_DOMINANT,,0,<NONE>
154,8.5'-,5242,cello,11.533333330,piano,1.000000000,CLEAR_WINNER,WINNER_IN_MIXED_WINDOW,1.000000000,NO_INSTRUMENT_TRACE,MIXED_WINDOW,0.000000000,0.000000000,1.000000000,NO_INSTRUMENT_TRACE,MIXED_WINDOW,0.000000000,0.000000000,11.533333330,HIGH_BODY_AFFINITY,MIXED_WINDOW,0.833333333,0.000000000,0.400000000,NO_INSTRUMENT_TRACE,OTHER_ONLY_WINDOW,0.000000000,0.000000000,cello,11.533333330,CLEAR_DOMINANT,,0,<NONE>
155,8.5'-,5243,cello,10.500000000,piano,0.900000000,CLEAR_WINNER,WINNER_IN_MIXED_WINDOW,0.900000000,NO_INSTRUMENT_TRACE,MIXED_WINDOW,0.000000000,0.000000000,0.900000000,NO_INSTRUMENT_TRACE,MIXED_WINDOW,0.000000000,0.000000000,10.500000000,HIGH_BODY_AFFINITY,MIXED_WINDOW,0.800000000,0.000000000,0.300000000,NO_INSTRUMENT_TRACE,OTHER_ONLY_WINDOW,0.000000000,0.000000000,cello,10.500000000,CLEAR_DOMINANT,,0,<NONE>
156,8.5'-,5246,cello,8.166666670,piano,0.700000000,CLEAR_WINNER,WINNER_IN_MIXED_WINDOW,0.700000000,NO_INSTRUMENT_TRACE,MIXED_WINDOW,0.000000000,0.000000000,0.700000000,NO_INSTRUMENT_TRACE,MIXED_WINDOW,0.000000000,0.000000000,8.166666670,HIGH_BODY_AFFINITY,MIXED_WINDOW,0.666666667,0.000000000,0.100000000,NO_INSTRUMENT_TRACE,OTHER_ONLY_WINDOW,0.000000000,0.000000000,cello,8.166666670,CLEAR_DOMINANT,,0,<NONE>
157,8.5'-,5327,cello,8.850000000,organ,1.200000000,CLEAR_WINNER,WINNER_IN_MIXED_WINDOW,1.200000000,NO_INSTRUMENT_TRACE,MIXED_WINDOW,0.000000000,0.000000000,1.200000000,NO_INSTRUMENT_TRACE,MIXED_WINDOW,0.000000000,0.000000000,8.850000000,HIGH_BODY_AFFINITY,MIXED_WINDOW,0.625000000,0.000000000,1.200000000,NO_INSTRUMENT_TRACE,MIXED_WINDOW,0.000000000,0.000000000,cello,8.850000000,CLEAR_DOMINANT,,0,<NONE>
158,8.5'-,5330,cello,8.866666670,organ,1.000000000,CLEAR_WINNER,WINNER_IN_MIXED_WINDOW,1.000000000,NO_INSTRUMENT_TRACE,MIXED_WINDOW,0.000000000,0.000000000,1.000000000,NO_INSTRUMENT_TRACE,MIXED_WINDOW,0.000000000,0.000000000,8.866666670,HIGH_BODY_AFFINITY,MIXED_WINDOW,0.666666667,0.000000000,1.000000000,NO_INSTRUMENT_TRACE,MIXED_WINDOW,0.000000000,0.000000000,cello,8.866666670,CLEAR_DOMINANT,,0,<NONE>
159,8.5'-,5334,cello,11.300000000,organ,0.700000000,CLEAR_WINNER,WINNER_IN_MIXED_WINDOW,0.700000000,NO_INSTRUMENT_TRACE,MIXED_WINDOW,0.000000000,0.000000000,0.700000000,NO_INSTRUMENT_TRACE,MIXED_WINDOW,0.000000000,0.000000000,11.300000000,HIGH_BODY_AFFINITY,MIXED_WINDOW,1.000000000,0.000000000,0.700000000,NO_INSTRUMENT_TRACE,MIXED_WINDOW,0.000000000,0.000000000,cello,11.300000000,CLEAR_DOMINANT,,0,<NONE>
230,8.6'-,4886,cello,7.966666670,piano,1.300000000,CLEAR_WINNER,WINNER_OUTSIDE_TARGET_WINDOW,1.300000000,NO_INSTRUMENT_TRACE,TARGET_ONLY_WINDOW,0.000000000,0.000000000,0.100000000,NO_INSTRUMENT_TRACE,OTHER_ONLY_WINDOW,0.000000000,0.000000000,7.966666670,HIGH_BODY_AFFINITY,OTHER_ONLY_WINDOW,0.666666667,0.000000000,0.100000000,NO_INSTRUMENT_TRACE,OTHER_ONLY_WINDOW,0.000000000,0.000000000,cello,7.966666670,CLEAR_DOMINANT,,0,<NONE>
232,8.6'-,4971,cello,9.500000000,piano,1.400000000,CLEAR_WINNER,WINNER_OUTSIDE_TARGET_WINDOW,1.400000000,NO_INSTRUMENT_TRACE,TARGET_ONLY_WINDOW,0.000000000,0.000000000,0.200000000,NO_INSTRUMENT_TRACE,OTHER_ONLY_WINDOW,0.000000000,0.000000000,9.500000000,HIGH_BODY_AFFINITY,OTHER_ONLY_WINDOW,0.750000000,0.000000000,0.200000000,NO_INSTRUMENT_TRACE,OTHER_ONLY_WINDOW,0.000000000,0.000000000,cello,9.500000000,CLEAR_DOMINANT,,0,<NONE>
234,8.6'-,5058,cello,9.663636360,piano,2.100000000,CLEAR_WINNER,WINNER_OUTSIDE_TARGET_WINDOW,2.100000000,NO_INSTRUMENT_TRACE,TARGET_ONLY_WINDOW,0.000000000,0.000000000,0.900000000,NO_INSTRUMENT_TRACE,OTHER_ONLY_WINDOW,0.000000000,0.000000000,9.663636360,HIGH_BODY_AFFINITY,OTHER_ONLY_WINDOW,0.636363636,0.000000000,0.900000000,NO_INSTRUMENT_TRACE,OTHER_ONLY_WINDOW,0.000000000,0.000000000,cello,9.663636360,CLEAR_DOMINANT,,0,<NONE>
235,8.6'-,5062,cello,8.614285710,piano,1.700000000,CLEAR_WINNER,WINNER_OUTSIDE_TARGET_WINDOW,1.700000000,NO_INSTRUMENT_TRACE,TARGET_ONLY_WINDOW,0.000000000,0.000000000,0.500000000,NO_INSTRUMENT_TRACE,OTHER_ONLY_WINDOW,0.000000000,0.000000000,8.614285710,HIGH_BODY_AFFINITY,OTHER_ONLY_WINDOW,0.571428571,0.000000000,0.500000000,NO_INSTRUMENT_TRACE,OTHER_ONLY_WINDOW,0.000000000,0.000000000,cello,8.614285710,CLEAR_DOMINANT,,0,<NONE>
237,8.6'-,5068,cello,9.900000000,piano,1.400000000,CLEAR_WINNER,WINNER_OUTSIDE_TARGET_WINDOW,1.400000000,NO_INSTRUMENT_TRACE,TARGET_ONLY_WINDOW,0.000000000,0.000000000,0.200000000,NO_INSTRUMENT_TRACE,OTHER_ONLY_WINDOW,0.000000000,0.000000000,9.900000000,HIGH_BODY_AFFINITY,OTHER_ONLY_WINDOW,0.750000000,0.000000000,0.200000000,NO_INSTRUMENT_TRACE,OTHER_ONLY_WINDOW,0.000000000,0.000000000,cello,9.900000000,CLEAR_DOMINANT,,0,<NONE>
238,8.6'-,5153,cello,11.300000000,organ,0.900000000,CLEAR_WINNER,WINNER_IN_MIXED_WINDOW,0.900000000,NO_INSTRUMENT_TRACE,MIXED_WINDOW,0.000000000,0.000000000,0.900000000,NO_INSTRUMENT_TRACE,MIXED_WINDOW,0.000000000,0.000000000,11.300000000,HIGH_BODY_AFFINITY,MIXED_WINDOW,0.800000000,0.000000000,0.900000000,NO_INSTRUMENT_TRACE,MIXED_WINDOW,0.000000000,0.000000000,cello,11.300000000,CLEAR_DOMINANT,,0,<NONE>
239,8.6'-,5153,cello,11.100000000,organ,1.200000000,CLEAR_WINNER,WINNER_IN_MIXED_WINDOW,1.200000000,NO_INSTRUMENT_TRACE,MIXED_WINDOW,0.000000000,0.000000000,1.200000000,NO_INSTRUMENT_TRACE,MIXED_WINDOW,0.000000000,0.000000000,11.100000000,HIGH_BODY_AFFINITY,MIXED_WINDOW,0.750000000,0.000000000,1.200000000,NO_INSTRUMENT_TRACE,MIXED_WINDOW,0.000000000,0.000000000,cello,11.100000000,CLEAR_DOMINANT,,0,<NONE>
353,8.8'-,4959,organ,13.216666668,cello,4.333333330,CLEAR_WINNER,WINNER_OUTSIDE_TARGET_WINDOW,3.466666670,MEDIUM_BODY_AFFINITY,TARGET_ONLY_WINDOW,0.166666667,0.000000000,0.400000000,NO_INSTRUMENT_TRACE,OTHER_ONLY_WINDOW,0.000000000,0.000000000,4.333333330,MEDIUM_BODY_AFFINITY,OTHER_ONLY_WINDOW,0.333333333,0.000000000,13.216666668,HIGH_BODY_AFFINITY,OTHER_ONLY_WINDOW,1.000000000,0.166666667,organ,13.216666668,CLEAR_DOMINANT,piano,1,piano
354,8.8'-,5046,organ,14.766666668,cello,13.100000000,LEANING_WINNER,WINNER_OUTSIDE_TARGET_WINDOW,9.766666670,HIGH_BODY_AFFINITY,TARGET_ONLY_WINDOW,0.666666667,0.000000000,0.700000000,NO_INSTRUMENT_TRACE,OTHER_ONLY_WINDOW,0.000000000,0.000000000,13.100000000,HIGH_BODY_AFFINITY,OTHER_ONLY_WINDOW,1.000000000,0.000000000,14.766666668,HIGH_BODY_AFFINITY,OTHER_ONLY_WINDOW,1.000000000,0.666666667,organ,14.766666668,LEANING_DOMINANT,piano,1,piano
356,8.8'-,5049,organ,14.685714285,cello,12.500000000,LEANING_WINNER,WINNER_OUTSIDE_TARGET_WINDOW,8.214285710,HIGH_BODY_AFFINITY,TARGET_ONLY_WINDOW,0.571428571,0.000000000,0.500000000,NO_INSTRUMENT_TRACE,OTHER_ONLY_WINDOW,0.000000000,0.000000000,12.500000000,HIGH_BODY_AFFINITY,OTHER_ONLY_WINDOW,1.000000000,0.000000000,14.685714285,HIGH_BODY_AFFINITY,OTHER_ONLY_WINDOW,1.000000000,0.714285714,organ,14.685714285,CLEAR_DOMINANT,piano,1,piano
358,8.8'-,5071,organ,14.361538460,cello,8.784615380,CLEAR_WINNER,WINNER_OUTSIDE_TARGET_WINDOW,6.446153850,HIGH_BODY_AFFINITY,MIXED_WINDOW,0.384615385,0.000000000,1.600000000,NO_INSTRUMENT_TRACE,MIXED_WINDOW,0.000000000,0.000000000,8.784615380,HIGH_BODY_AFFINITY,MIXED_WINDOW,0.538461538,0.000000000,14.361538460,HIGH_BODY_AFFINITY,OTHER_ONLY_WINDOW,0.923076923,0.692307692,organ,14.361538460,CLEAR_DOMINANT,cello piano,2,cello+piano
359,8.8'-,5075,organ,15.144444445,cello,8.355555560,CLEAR_WINNER,WINNER_OUTSIDE_TARGET_WINDOW,5.333333330,MEDIUM_BODY_AFFINITY,MIXED_WINDOW,0.333333333,0.000000000,1.400000000,NO_INSTRUMENT_TRACE,MIXED_WINDOW,0.000000000,0.000000000,8.355555560,HIGH_BODY_AFFINITY,MIXED_WINDOW,0.555555556,0.000000000,15.144444445,HIGH_BODY_AFFINITY,OTHER_ONLY_WINDOW,1.000000000,0.777777778,organ,15.144444445,CLEAR_DOMINANT,cello piano,2,cello+piano
360,8.8'-,5079,organ,13.614285713,cello,7.814285710,CLEAR_WINNER,WINNER_OUTSIDE_TARGET_WINDOW,4.357142860,MEDIUM_BODY_AFFINITY,MIXED_WINDOW,0.285714286,0.000000000,1.100000000,NO_INSTRUMENT_TRACE,MIXED_WINDOW,0.000000000,0.000000000,7.814285710,HIGH_BODY_AFFINITY,MIXED_WINDOW,0.571428571,0.000000000,13.614285713,HIGH_BODY_AFFINITY,OTHER_ONLY_WINDOW,0.857142857,0.857142857,organ,13.614285713,CLEAR_DOMINANT,cello piano,2,cello+piano
361,8.8'-,5083,organ,14.475000000,cello,8.500000000,CLEAR_WINNER,WINNER_OUTSIDE_TARGET_WINDOW,6.800000000,HIGH_BODY_AFFINITY,TARGET_ONLY_WINDOW,0.500000000,0.000000000,0.200000000,NO_INSTRUMENT_TRACE,OTHER_ONLY_WINDOW,0.000000000,0.000000000,8.500000000,HIGH_BODY_AFFINITY,OTHER_ONLY_WINDOW,0.750000000,0.000000000,14.475000000,HIGH_BODY_AFFINITY,OTHER_ONLY_WINDOW,1.000000000,0.750000000,organ,14.475000000,CLEAR_DOMINANT,piano,1,piano
362,8.8'-,5102,organ,15.285714285,cello,9.842857140,CLEAR_WINNER,WINNER_IN_MIXED_WINDOW,7.614285710,HIGH_BODY_AFFINITY,MIXED_WINDOW,0.571428571,0.000000000,1.100000000,NO_INSTRUMENT_TRACE,MIXED_WINDOW,0.000000000,0.000000000,9.842857140,HIGH_BODY_AFFINITY,MIXED_WINDOW,0.714285714,0.000000000,15.285714285,HIGH_BODY_AFFINITY,MIXED_WINDOW,1.000000000,0.714285714,organ,15.285714285,CLEAR_DOMINANT,cello piano,2,cello+piano
363,8.8'-,5105,organ,14.200000000,cello,9.500000000,CLEAR_WINNER,WINNER_OUTSIDE_TARGET_WINDOW,5.900000000,HIGH_BODY_AFFINITY,TARGET_ONLY_WINDOW,0.400000000,0.000000000,0.300000000,NO_INSTRUMENT_TRACE,OTHER_ONLY_WINDOW,0.000000000,0.000000000,9.500000000,HIGH_BODY_AFFINITY,OTHER_ONLY_WINDOW,0.800000000,0.000000000,14.200000000,HIGH_BODY_AFFINITY,OTHER_ONLY_WINDOW,1.000000000,0.600000000,organ,14.200000000,CLEAR_DOMINANT,piano,1,piano
365,8.8'-,5158,organ,15.550000000,cello,13.800000000,LEANING_WINNER,WINNER_IN_MIXED_WINDOW,9.800000000,HIGH_BODY_AFFINITY,MIXED_WINDOW,0.700000000,0.000000000,1.400000000,NO_INSTRUMENT_TRACE,MIXED_WINDOW,0.000000000,0.000000000,13.800000000,HIGH_BODY_AFFINITY,MIXED_WINDOW,1.000000000,0.000000000,15.550000000,HIGH_BODY_AFFINITY,MIXED_WINDOW,1.000000000,0.700000000,organ,15.550000000,LEANING_DOMINANT,cello piano,2,cello+piano
367,8.8'-,5164,organ,14.466666668,cello,12.400000000,LEANING_WINNER,WINNER_OUTSIDE_TARGET_WINDOW,9.066666670,HIGH_BODY_AFFINITY,TARGET_ONLY_WINDOW,0.666666667,0.000000000,0.400000000,NO_INSTRUMENT_TRACE,OTHER_ONLY_WINDOW,0.000000000,0.000000000,12.400000000,HIGH_BODY_AFFINITY,OTHER_ONLY_WINDOW,1.000000000,0.000000000,14.466666668,HIGH_BODY_AFFINITY,OTHER_ONLY_WINDOW,1.000000000,0.666666667,organ,14.466666668,CLEAR_DOMINANT,piano,1,piano
369,8.8'-,5193,organ,16.083333333,cello,12.566666670,CLEAR_WINNER,WINNER_IN_MIXED_WINDOW,7.800000000,HIGH_BODY_AFFINITY,MIXED_WINDOW,0.500000000,0.000000000,1.000000000,NO_INSTRUMENT_TRACE,OTHER_ONLY_WINDOW,0.000000000,0.000000000,12.566666670,HIGH_BODY_AFFINITY,OTHER_ONLY_WINDOW,0.916666667,0.000000000,16.083333333,HIGH_BODY_AFFINITY,MIXED_WINDOW,1.000000000,0.833333333,organ,16.083333333,CLEAR_DOMINANT,piano,1,piano
370,8.8'-,5197,organ,19.433333330,cello,14.066666670,CLEAR_WINNER,WINNER_IN_MIXED_WINDOW,8.666666670,HIGH_BODY_AFFINITY,MIXED_WINDOW,0.666666667,0.000000000,0.600000000,NO_INSTRUMENT_TRACE,OTHER_ONLY_WINDOW,0.000000000,0.000000000,14.066666670,HIGH_BODY_AFFINITY,OTHER_ONLY_WINDOW,1.166666667,0.000000000,19.433333330,HIGH_BODY_AFFINITY,MIXED_WINDOW,1.333333333,1.000000000,organ,19.433333330,CLEAR_DOMINANT,piano,1,piano
371,8.8'-,5225,organ,15.322222223,piano,11.788888890,CLEAR_WINNER,WINNER_OUTSIDE_TARGET_WINDOW,11.788888890,HIGH_BODY_AFFINITY,MIXED_WINDOW,0.888888889,0.000000000,1.300000000,NO_INSTRUMENT_TRACE,MIXED_WINDOW,0.000000000,0.000000000,11.477777780,HIGH_BODY_AFFINITY,MIXED_WINDOW,0.777777778,0.000000000,15.322222223,HIGH_BODY_AFFINITY,OTHER_ONLY_WINDOW,1.000000000,0.888888889,organ,15.322222223,CLEAR_DOMINANT,piano cello,2,piano+cello
372,8.8'-,5229,organ,24.150000000,piano,20.000000000,CLEAR_WINNER,WINNER_OUTSIDE_TARGET_WINDOW,20.000000000,HIGH_BODY_AFFINITY,MIXED_WINDOW,1.750000000,0.000000000,1.100000000,NO_INSTRUMENT_TRACE,MIXED_WINDOW,0.000000000,0.000000000,18.100000000,HIGH_BODY_AFFINITY,MIXED_WINDOW,1.500000000,0.000000000,24.150000000,HIGH_BODY_AFFINITY,OTHER_ONLY_WINDOW,1.750000000,1.500000000,organ,24.150000000,CLEAR_DOMINANT,piano cello,2,piano+cello
373,8.8'-,5248,organ,15.118181818,cello,12.081818180,CLEAR_WINNER,WINNER_OUTSIDE_TARGET_WINDOW,10.372727270,HIGH_BODY_AFFINITY,MIXED_WINDOW,0.727272727,0.000000000,1.500000000,NO_INSTRUMENT_TRACE,MIXED_WINDOW,0.000000000,0.000000000,12.081818180,HIGH_BODY_AFFINITY,MIXED_WINDOW,0.818181818,0.000000000,15.118181818,HIGH_BODY_AFFINITY,OTHER_ONLY_WINDOW,1.000000000,0.727272727,organ,15.118181818,CLEAR_DOMINANT,cello piano,2,cello+piano
374,8.8'-,5255,organ,14.328571428,cello,9.842857140,CLEAR_WINNER,WINNER_OUTSIDE_TARGET_WINDOW,7.614285710,HIGH_BODY_AFFINITY,MIXED_WINDOW,0.571428571,0.000000000,1.100000000,NO_INSTRUMENT_TRACE,MIXED_WINDOW,0.000000000,0.000000000,9.842857140,HIGH_BODY_AFFINITY,MIXED_WINDOW,0.714285714,0.000000000,14.328571428,HIGH_BODY_AFFINITY,OTHER_ONLY_WINDOW,1.000000000,0.571428571,organ,14.328571428,CLEAR_DOMINANT,cello piano,2,cello+piano
375,8.8'-,5281,organ,15.490909090,cello,12.990909090,CLEAR_WINNER,WINNER_IN_MIXED_WINDOW,9.263636360,HIGH_BODY_AFFINITY,MIXED_WINDOW,0.636363636,0.000000000,1.500000000,NO_INSTRUMENT_TRACE,MIXED_WINDOW,0.000000000,0.000000000,12.990909090,HIGH_BODY_AFFINITY,MIXED_WINDOW,0.909090909,0.000000000,15.490909090,HIGH_BODY_AFFINITY,MIXED_WINDOW,1.000000000,0.636363636,organ,15.490909090,CLEAR_DOMINANT,cello piano,2,cello+piano
376,8.8'-,5317,organ,14.328571428,cello,7.614285710,CLEAR_WINNER,WINNER_OUTSIDE_TARGET_WINDOW,6.585714290,HIGH_BODY_AFFINITY,TARGET_ONLY_WINDOW,0.428571429,0.000000000,0.500000000,NO_INSTRUMENT_TRACE,OTHER_ONLY_WINDOW,0.000000000,0.000000000,7.614285710,HIGH_BODY_AFFINITY,OTHER_ONLY_WINDOW,0.571428571,0.000000000,14.328571428,HIGH_BODY_AFFINITY,OTHER_ONLY_WINDOW,1.000000000,0.571428571,organ,14.328571428,CLEAR_DOMINANT,piano,1,piano
378,8.8'-,5324,organ,13.333333333,cello,7.366666670,CLEAR_WINNER,WINNER_OUTSIDE_TARGET_WINDOW,4.833333330,MEDIUM_BODY_AFFINITY,TARGET_ONLY_WINDOW,0.333333333,0.000000000,0.100000000,NO_INSTRUMENT_TRACE,OTHER_ONLY_WINDOW,0.000000000,0.000000000,7.366666670,HIGH_BODY_AFFINITY,OTHER_ONLY_WINDOW,0.666666667,0.000000000,13.333333333,HIGH_BODY_AFFINITY,OTHER_ONLY_WINDOW,1.000000000,0.333333333,organ,13.333333333,CLEAR_DOMINANT,piano,1,piano
379,8.8'-,5339,organ,14.999999997,cello,12.000000000,CLEAR_WINNER,WINNER_IN_MIXED_WINDOW,9.400000000,HIGH_BODY_AFFINITY,MIXED_WINDOW,0.600000000,0.000000000,1.600000000,NO_INSTRUMENT_TRACE,MIXED_WINDOW,0.000000000,0.000000000,12.000000000,HIGH_BODY_AFFINITY,MIXED_WINDOW,0.800000000,0.000000000,14.999999997,HIGH_BODY_AFFINITY,MIXED_WINDOW,0.933333333,0.666666667,organ,14.999999997,CLEAR_DOMINANT,cello piano,2,cello+piano
380,8.8'-,5348,organ,13.977777780,cello,9.166666670,CLEAR_WINNER,WINNER_IN_MIXED_WINDOW,7.855555560,HIGH_BODY_AFFINITY,MIXED_WINDOW,0.555555556,0.000000000,0.700000000,NO_INSTRUMENT_TRACE,OTHER_ONLY_WINDOW,0.000000000,0.000000000,9.166666670,HIGH_BODY_AFFINITY,OTHER_ONLY_WINDOW,0.666666667,0.000000000,13.977777780,HIGH_BODY_AFFINITY,MIXED_WINDOW,0.888888889,0.555555556,organ,13.977777780,CLEAR_DOMINANT,piano,1,piano
381,8.8'-,5351,organ,16.380952385,cello,13.400000000,CLEAR_WINNER,WINNER_IN_MIXED_WINDOW,10.190476190,HIGH_BODY_AFFINITY,MIXED_WINDOW,0.619047619,0.000000000,1.000000000,NO_INSTRUMENT_TRACE,OTHER_ONLY_WINDOW,0.000000000,0.000000000,13.400000000,HIGH_BODY_AFFINITY,OTHER_ONLY_WINDOW,1.000000000,0.000000000,16.380952385,HIGH_BODY_AFFINITY,MIXED_WINDOW,1.047619048,0.761904762,organ,16.380952385,CLEAR_DOMINANT,piano,1,piano
567,8.9'-,4866,cello,12.400000000,piano,10.100000000,LEANING_WINNER,WINNER_OUTSIDE_TARGET_WINDOW,10.100000000,HIGH_BODY_AFFINITY,TARGET_ONLY_WINDOW,0.750000000,0.000000000,0.200000000,NO_INSTRUMENT_TRACE,OTHER_ONLY_WINDOW,0.000000000,0.000000000,12.400000000,HIGH_BODY_AFFINITY,OTHER_ONLY_WINDOW,1.000000000,0.000000000,0.200000000,NO_INSTRUMENT_TRACE,OTHER_ONLY_WINDOW,0.000000000,0.000000000,cello,12.400000000,CLEAR_DOMINANT,piano,1,piano
747,8.C'-,4801,cello,1.400000000,organ,1.400000000,AMBIGUOUS,WINNER_IN_MIXED_WINDOW,1.400000000,NO_INSTRUMENT_TRACE,MIXED_WINDOW,0.000000000,0.000000000,1.400000000,NO_INSTRUMENT_TRACE,MIXED_WINDOW,0.000000000,0.000000000,1.400000000,NO_INSTRUMENT_TRACE,MIXED_WINDOW,0.000000000,0.000000000,1.400000000,NO_INSTRUMENT_TRACE,MIXED_WINDOW,0.000000000,0.000000000,UNRESOLVED_FIELD,1.400000000,NO_STRUCTURAL_OWNER,,0,<NONE>
748,8.C'-,4807,piano,1.400000000,cello,0.200000000,LEANING_WINNER,WINNER_IN_OWN_TARGET_WINDOW,1.400000000,NO_INSTRUMENT_TRACE,TARGET_ONLY_WINDOW,0.000000000,0.000000000,0.200000000,NO_INSTRUMENT_TRACE,OTHER_ONLY_WINDOW,0.000000000,0.000000000,0.200000000,NO_INSTRUMENT_TRACE,OTHER_ONLY_WINDOW,0.000000000,0.000000000,0.200000000,NO_INSTRUMENT_TRACE,OTHER_ONLY_WINDOW,0.000000000,0.000000000,UNRESOLVED_FIELD,1.400000000,NO_STRUCTURAL_OWNER,,0,<NONE>
749,8.C'-,4831,piano,2.200000000,cello,1.000000000,LEANING_WINNER,WINNER_IN_OWN_TARGET_WINDOW,2.200000000,NO_INSTRUMENT_TRACE,TARGET_ONLY_WINDOW,0.000000000,0.000000000,1.000000000,NO_INSTRUMENT_TRACE,OTHER_ONLY_WINDOW,0.000000000,0.000000000,1.000000000,NO_INSTRUMENT_TRACE,OTHER_ONLY_WINDOW,0.000000000,0.000000000,1.000000000,NO_INSTRUMENT_TRACE,OTHER_ONLY_WINDOW,0.000000000,0.000000000,UNRESOLVED_FIELD,2.200000000,NO_STRUCTURAL_OWNER,,0,<NONE>
750,8.C'-,4835,piano,2.000000000,cello,0.800000000,LEANING_WINNER,WINNER_IN_OWN_TARGET_WINDOW,2.000000000,NO_INSTRUMENT_TRACE,TARGET_ONLY_WINDOW,0.000000000,0.000000000,0.800000000,NO_INSTRUMENT_TRACE,OTHER_ONLY_WINDOW,0.000000000,0.000000000,0.800000000,NO_INSTRUMENT_TRACE,OTHER_ONLY_WINDOW,0.000000000,0.000000000,0.800000000,NO_INSTRUMENT_TRACE,OTHER_ONLY_WINDOW,0.000000000,0.000000000,UNRESOLVED_FIELD,2.000000000,NO_STRUCTURAL_OWNER,,0,<NONE>
751,8.C'-,4844,piano,1.300000000,cello,0.100000000,LEANING_WINNER,WINNER_IN_OWN_TARGET_WINDOW,1.300000000,NO_INSTRUMENT_TRACE,TARGET_ONLY_WINDOW,0.000000000,0.000000000,0.100000000,NO_INSTRUMENT_TRACE,OTHER_ONLY_WINDOW,0.000000000,0.000000000,0.100000000,NO_INSTRUMENT_TRACE,OTHER_ONLY_WINDOW,0.000000000,0.000000000,0.100000000,NO_INSTRUMENT_TRACE,OTHER_ONLY_WINDOW,0.000000000,0.000000000,UNRESOLVED_FIELD,1.300000000,NO_STRUCTURAL_OWNER,,0,<NONE>
752,8.C'-,4923,cello,0.700000000,organ,0.700000000,AMBIGUOUS,WINNER_IN_MIXED_WINDOW,0.700000000,NO_INSTRUMENT_TRACE,MIXED_WINDOW,0.000000000,0.000000000,0.700000000,NO_INSTRUMENT_TRACE,MIXED_WINDOW,0.000000000,0.000000000,0.700000000,NO_INSTRUMENT_TRACE,MIXED_WINDOW,0.000000000,0.000000000,0.700000000,NO_INSTRUMENT_TRACE,MIXED_WINDOW,0.000000000,0.000000000,UNRESOLVED_FIELD,0.700000000,NO_STRUCTURAL_OWNER,,0,<NONE>
755,8.C'-,5013,cello,1.100000000,piano,1.100000000,AMBIGUOUS,WINNER_IN_MIXED_WINDOW,1.100000000,NO_INSTRUMENT_TRACE,MIXED_WINDOW,0.000000000,0.000000000,1.100000000,NO_INSTRUMENT_TRACE,MIXED_WINDOW,0.000000000,0.000000000,1.100000000,NO_INSTRUMENT_TRACE,MIXED_WINDOW,0.000000000,0.000000000,0.500000000,NO_INSTRUMENT_TRACE,OTHER_ONLY_WINDOW,0.000000000,0.000000000,UNRESOLVED_FIELD,1.100000000,NO_STRUCTURAL_OWNER,,0,<NONE>
756,8.C'-,5086,cello,0.700000000,piano,0.700000000,AMBIGUOUS,WINNER_IN_MIXED_WINDOW,0.700000000,NO_INSTRUMENT_TRACE,MIXED_WINDOW,0.000000000,0.000000000,0.100000000,NO_INSTRUMENT_TRACE,OTHER_ONLY_WINDOW,0.000000000,0.000000000,0.700000000,NO_INSTRUMENT_TRACE,MIXED_WINDOW,0.000000000,0.000000000,0.100000000,NO_INSTRUMENT_TRACE,OTHER_ONLY_WINDOW,0.000000000,0.000000000,UNRESOLVED_FIELD,0.700000000,NO_STRUCTURAL_OWNER,,0,<NONE>
757,8.C'-,5112,organ,1.400000000,piano,1.400000000,AMBIGUOUS,WINNER_IN_MIXED_WINDOW,1.400000000,NO_INSTRUMENT_TRACE,MIXED_WINDOW,0.000000000,0.000000000,0.800000000,NO_INSTRUMENT_TRACE,OTHER_ONLY_WINDOW,0.000000000,0.000000000,0.800000000,NO_INSTRUMENT_TRACE,OTHER_ONLY_WINDOW,0.000000000,0.000000000,1.400000000,NO_INSTRUMENT_TRACE,MIXED_WINDOW,0.000000000,0.000000000,UNRESOLVED_FIELD,1.400000000,NO_STRUCTURAL_OWNER,,0,<NONE>
758,8.C'-,5120,piano,1.500000000,cello,0.300000000,LEANING_WINNER,WINNER_IN_OWN_TARGET_WINDOW,1.500000000,NO_INSTRUMENT_TRACE,TARGET_ONLY_WINDOW,0.000000000,0.000000000,0.300000000,NO_INSTRUMENT_TRACE,OTHER_ONLY_WINDOW,0.000000000,0.000000000,0.300000000,NO_INSTRUMENT_TRACE,OTHER_ONLY_WINDOW,0.000000000,0.000000000,0.300000000,NO_INSTRUMENT_TRACE,OTHER_ONLY_WINDOW,0.000000000,0.000000000,UNRESOLVED_FIELD,1.500000000,NO_STRUCTURAL_OWNER,,0,<NONE>
759,8.C'-,5120,organ,1.200000000,piano,1.200000000,AMBIGUOUS,WINNER_IN_MIXED_WINDOW,1.200000000,NO_INSTRUMENT_TRACE,MIXED_WINDOW,0.000000000,0.000000000,0.600000000,NO_INSTRUMENT_TRACE,OTHER_ONLY_WINDOW,0.000000000,0.000000000,0.600000000,NO_INSTRUMENT_TRACE,OTHER_ONLY_WINDOW,0.000000000,0.000000000,1.200000000,NO_INSTRUMENT_TRACE,MIXED_WINDOW,0.000000000,0.000000000,UNRESOLVED_FIELD,1.200000000,NO_STRUCTURAL_OWNER,,0,<NONE>
760,8.C'-,5169,piano,1.400000000,cello,0.200000000,LEANING_WINNER,WINNER_IN_OWN_TARGET_WINDOW,1.400000000,NO_INSTRUMENT_TRACE,TARGET_ONLY_WINDOW,0.000000000,0.000000000,0.200000000,NO_INSTRUMENT_TRACE,OTHER_ONLY_WINDOW,0.000000000,0.000000000,0.200000000,NO_INSTRUMENT_TRACE,OTHER_ONLY_WINDOW,0.000000000,0.000000000,0.200000000,NO_INSTRUMENT_TRACE,OTHER_ONLY_WINDOW,0.000000000,0.000000000,UNRESOLVED_FIELD,1.400000000,NO_STRUCTURAL_OWNER,,0,<NONE>
913,9.1'-,4808,piano,9.200000000,cello,8.000000000,LEANING_WINNER,WINNER_IN_OWN_TARGET_WINDOW,9.200000000,HIGH_BODY_AFFINITY,TARGET_ONLY_WINDOW,0.500000000,0.000000000,1.000000000,NO_INSTRUMENT_TRACE,OTHER_ONLY_WINDOW,0.000000000,0.000000000,8.000000000,HIGH_BODY_AFFINITY,OTHER_ONLY_WINDOW,0.500000000,0.000000000,2.458333333,SECONDARY_ONLY_AFFINITY,OTHER_ONLY_WINDOW,0.000000000,0.583333333,piano,9.200000000,OWN_WINDOW_DOMINANT,cello organ,2,cello+organ
914,9.1'-,4840,piano,7.336363640,cello,6.136363640,LEANING_WINNER,WINNER_IN_OWN_TARGET_WINDOW,7.336363640,HIGH_BODY_AFFINITY,TARGET_ONLY_WINDOW,0.363636364,0.000000000,0.900000000,NO_INSTRUMENT_TRACE,OTHER_ONLY_WINDOW,0.000000000,0.000000000,6.136363640,HIGH_BODY_AFFINITY,OTHER_ONLY_WINDOW,0.363636364,0.000000000,2.718181817,SECONDARY_ONLY_AFFINITY,OTHER_ONLY_WINDOW,0.000000000,0.727272727,piano,7.336363640,OWN_WINDOW_DOMINANT,cello organ,2,cello+organ
915,9.1'-,4900,piano,7.200000000,cello,6.000000000,LEANING_WINNER,WINNER_IN_OWN_TARGET_WINDOW,7.200000000,HIGH_BODY_AFFINITY,TARGET_ONLY_WINDOW,0.500000000,0.000000000,0.200000000,NO_INSTRUMENT_TRACE,OTHER_ONLY_WINDOW,0.000000000,0.000000000,6.000000000,HIGH_BODY_AFFINITY,OTHER_ONLY_WINDOW,0.500000000,0.000000000,1.450000000,SECONDARY_ONLY_AFFINITY,OTHER_ONLY_WINDOW,0.000000000,0.500000000,piano,7.200000000,OWN_WINDOW_DOMINANT,cello,1,cello
917,9.1'-,4933,piano,6.300000000,cello,5.100000000,LEANING_WINNER,WINNER_IN_OWN_TARGET_WINDOW,6.300000000,HIGH_BODY_AFFINITY,TARGET_ONLY_WINDOW,0.300000000,0.000000000,0.900000000,NO_INSTRUMENT_TRACE,OTHER_ONLY_WINDOW,0.000000000,0.000000000,5.100000000,HIGH_BODY_AFFINITY,OTHER_ONLY_WINDOW,0.300000000,0.000000000,1.650000000,SECONDARY_ONLY_AFFINITY,OTHER_ONLY_WINDOW,0.000000000,0.300000000,piano,6.300000000,OWN_WINDOW_DOMINANT,cello organ,2,cello+organ
918,9.1'-,4933,piano,5.733333330,cello,4.533333330,LEANING_WINNER,WINNER_IN_OWN_TARGET_WINDOW,5.733333330,MEDIUM_BODY_AFFINITY,TARGET_ONLY_WINDOW,0.333333333,0.000000000,0.400000000,NO_INSTRUMENT_TRACE,OTHER_ONLY_WINDOW,0.000000000,0.000000000,4.533333330,MEDIUM_BODY_AFFINITY,OTHER_ONLY_WINDOW,0.333333333,0.000000000,1.233333333,SECONDARY_ONLY_AFFINITY,OTHER_ONLY_WINDOW,0.000000000,0.333333333,piano,5.733333330,OWN_WINDOW_DOMINANT,cello,1,cello
919,9.1'-,4989,cello,7.200000000,piano,7.200000000,AMBIGUOUS,WINNER_IN_MIXED_WINDOW,7.200000000,HIGH_BODY_AFFINITY,MIXED_WINDOW,0.500000000,0.000000000,1.000000000,NO_INSTRUMENT_TRACE,MIXED_WINDOW,0.000000000,0.000000000,7.200000000,HIGH_BODY_AFFINITY,MIXED_WINDOW,0.500000000,0.000000000,1.650000000,SECONDARY_ONLY_AFFINITY,OTHER_ONLY_WINDOW,0.000000000,0.500000000,cello,7.200000000,MIXED_DOMINANT,piano organ,2,piano+organ
921,9.1'-,5020,cello,5.300000000,piano,5.300000000,AMBIGUOUS,WINNER_IN_MIXED_WINDOW,5.300000000,HIGH_BODY_AFFINITY,MIXED_WINDOW,0.250000000,0.000000000,1.600000000,NO_INSTRUMENT_TRACE,MIXED_WINDOW,0.000000000,0.000000000,5.300000000,HIGH_BODY_AFFINITY,MIXED_WINDOW,0.250000000,0.000000000,2.458333333,SECONDARY_ONLY_AFFINITY,OTHER_ONLY_WINDOW,0.000000000,0.583333333,cello,5.300000000,MIXED_DOMINANT,piano organ,2,piano+organ
922,9.1'-,5028,cello,4.757142860,piano,4.757142860,AMBIGUOUS,WINNER_IN_MIXED_WINDOW,4.757142860,MEDIUM_BODY_AFFINITY,MIXED_WINDOW,0.285714286,0.000000000,1.100000000,NO_INSTRUMENT_TRACE,MIXED_WINDOW,0.000000000,0.000000000,4.757142860,MEDIUM_BODY_AFFINITY,MIXED_WINDOW,0.285714286,0.000000000,1.928571428,SECONDARY_ONLY_AFFINITY,OTHER_ONLY_WINDOW,0.000000000,0.571428571,cello,4.757142860,MIXED_DOMINANT,piano organ,2,piano+organ
923,9.1'-,5260,cello,8.855555560,piano,8.855555560,AMBIGUOUS,WINNER_IN_MIXED_WINDOW,8.855555560,HIGH_BODY_AFFINITY,MIXED_WINDOW,0.555555556,0.000000000,1.300000000,NO_INSTRUMENT_TRACE,MIXED_WINDOW,0.000000000,0.000000000,8.855555560,HIGH_BODY_AFFINITY,MIXED_WINDOW,0.555555556,0.000000000,2.366666667,SECONDARY_ONLY_AFFINITY,OTHER_ONLY_WINDOW,0.000000000,0.666666667,cello,8.855555560,MIXED_DOMINANT,piano organ,2,piano+organ
925,9.1'-,5294,piano,14.100000000,cello,12.900000000,LEANING_WINNER,WINNER_IN_OWN_TARGET_WINDOW,14.100000000,HIGH_BODY_AFFINITY,TARGET_ONLY_WINDOW,1.000000000,0.000000000,0.500000000,NO_INSTRUMENT_TRACE,OTHER_ONLY_WINDOW,0.000000000,0.000000000,12.900000000,HIGH_BODY_AFFINITY,OTHER_ONLY_WINDOW,1.000000000,0.000000000,2.642857143,SECONDARY_ONLY_AFFINITY,OTHER_ONLY_WINDOW,0.000000000,0.857142857,piano,14.100000000,OWN_WINDOW_DOMINANT,cello organ,2,cello+organ
927,9.1'-,5349,piano,8.100000000,cello,7.500000000,AMBIGUOUS,WINNER_IN_MIXED_WINDOW,8.100000000,HIGH_BODY_AFFINITY,MIXED_WINDOW,0.600000000,0.000000000,0.300000000,NO_INSTRUMENT_TRACE,OTHER_ONLY_WINDOW,0.000000000,0.000000000,7.500000000,HIGH_BODY_AFFINITY,OTHER_ONLY_WINDOW,0.600000000,0.000000000,2.400000000,SECONDARY_ONLY_AFFINITY,MIXED_WINDOW,0.000000000,0.600000000,piano,8.100000000,MIXED_DOMINANT,cello organ,2,cello+organ
928,9.1'-,5353,piano,8.166666670,cello,7.566666670,AMBIGUOUS,WINNER_IN_MIXED_WINDOW,8.166666670,HIGH_BODY_AFFINITY,MIXED_WINDOW,0.666666667,0.000000000,0.100000000,NO_INSTRUMENT_TRACE,OTHER_ONLY_WINDOW,0.000000000,0.000000000,7.566666670,HIGH_BODY_AFFINITY,OTHER_ONLY_WINDOW,0.666666667,0.000000000,2.366666668,SECONDARY_ONLY_AFFINITY,MIXED_WINDOW,0.000000000,0.666666667,piano,8.166666670,MIXED_DOMINANT,cello organ,2,cello+organ
929,9.1'-,5382,piano,6.736363640,cello,6.136363640,AMBIGUOUS,WINNER_IN_MIXED_WINDOW,6.736363640,HIGH_BODY_AFFINITY,MIXED_WINDOW,0.363636364,0.000000000,0.900000000,NO_INSTRUMENT_TRACE,OTHER_ONLY_WINDOW,0.000000000,0.000000000,6.136363640,HIGH_BODY_AFFINITY,OTHER_ONLY_WINDOW,0.363636364,0.000000000,2.863636362,SECONDARY_ONLY_AFFINITY,MIXED_WINDOW,0.000000000,0.545454545,piano,6.736363640,MIXED_DOMINANT,cello organ,2,cello+organ
1139,9.3'-,4946,cello,11.100000000,violin,10.700000000,AMBIGUOUS,WINNER_OUTSIDE_TARGET_WINDOW,1.300000000,NO_INSTRUMENT_TRACE,TARGET_ONLY_WINDOW,0.000000000,0.000000000,10.700000000,HIGH_BODY_AFFINITY,OTHER_ONLY_WINDOW,1.000000000,0.000000000,11.100000000,HIGH_BODY_AFFINITY,OTHER_ONLY_WINDOW,1.000000000,0.000000000,2.600000000,SECONDARY_ONLY_AFFINITY,OTHER_ONLY_WINDOW,0.000000000,1.000000000,cello,11.100000000,MIXED_DOMINANT,violin organ,2,violin+organ
1140,9.3'-,4961,cello,11.100000000,violin,10.700000000,AMBIGUOUS,WINNER_OUTSIDE_TARGET_WINDOW,1.300000000,NO_INSTRUMENT_TRACE,TARGET_ONLY_WINDOW,0.000000000,0.000000000,10.700000000,HIGH_BODY_AFFINITY,OTHER_ONLY_WINDOW,1.000000000,0.000000000,11.100000000,HIGH_BODY_AFFINITY,OTHER_ONLY_WINDOW,1.000000000,0.000000000,2.600000000,SECONDARY_ONLY_AFFINITY,OTHER_ONLY_WINDOW,0.000000000,1.000000000,cello,11.100000000,MIXED_DOMINANT,violin organ,2,violin+organ
1142,9.3'-,5000,cello,9.966666670,violin,6.544444440,CLEAR_WINNER,WINNER_IN_MIXED_WINDOW,1.300000000,NO_INSTRUMENT_TRACE,MIXED_WINDOW,0.000000000,0.000000000,6.544444440,HIGH_BODY_AFFINITY,MIXED_WINDOW,0.444444444,0.000000000,9.966666670,HIGH_BODY_AFFINITY,MIXED_WINDOW,0.666666667,0.000000000,2.922222222,SECONDARY_ONLY_AFFINITY,OTHER_ONLY_WINDOW,0.000000000,0.888888889,cello,9.966666670,CLEAR_DOMINANT,violin organ,2,violin+organ
1144,9.3'-,5007,cello,10.300000000,violin,7.500000000,CLEAR_WINNER,WINNER_IN_MIXED_WINDOW,0.900000000,NO_INSTRUMENT_TRACE,MIXED_WINDOW,0.000000000,0.000000000,7.500000000,HIGH_BODY_AFFINITY,MIXED_WINDOW,0.600000000,0.000000000,10.300000000,HIGH_BODY_AFFINITY,MIXED_WINDOW,0.800000000,0.000000000,2.800000000,SECONDARY_ONLY_AFFINITY,OTHER_ONLY_WINDOW,0.000000000,1.000000000,cello,10.300000000,CLEAR_DOMINANT,violin organ,2,violin+organ
1145,9.3'-,5090,cello,9.450000000,violin,8.450000000,LEANING_WINNER,WINNER_IN_MIXED_WINDOW,1.200000000,NO_INSTRUMENT_TRACE,MIXED_WINDOW,0.000000000,0.000000000,8.450000000,HIGH_BODY_AFFINITY,MIXED_WINDOW,0.625000000,0.000000000,9.450000000,HIGH_BODY_AFFINITY,MIXED_WINDOW,0.625000000,0.000000000,3.700000000,SECONDARY_ONLY_AFFINITY,MIXED_WINDOW,0.000000000,1.000000000,cello,9.450000000,LEANING_DOMINANT,violin organ,2,violin+organ
1146,9.3'-,5098,cello,9.500000000,violin,8.900000000,AMBIGUOUS,WINNER_IN_MIXED_WINDOW,0.800000000,NO_INSTRUMENT_TRACE,MIXED_WINDOW,0.000000000,0.000000000,8.900000000,HIGH_BODY_AFFINITY,MIXED_WINDOW,0.750000000,0.000000000,9.500000000,HIGH_BODY_AFFINITY,MIXED_WINDOW,0.750000000,0.000000000,3.300000000,SECONDARY_ONLY_AFFINITY,MIXED_WINDOW,0.000000000,1.000000000,cello,9.500000000,MIXED_DOMINANT,violin organ,2,violin+organ
1147,9.3'-,5126,cello,10.100000000,violin,9.300000000,AMBIGUOUS,WINNER_OUTSIDE_TARGET_WINDOW,1.200000000,NO_INSTRUMENT_TRACE,MIXED_WINDOW,0.000000000,0.000000000,9.300000000,HIGH_BODY_AFFINITY,OTHER_ONLY_WINDOW,0.750000000,0.000000000,10.100000000,HIGH_BODY_AFFINITY,OTHER_ONLY_WINDOW,0.750000000,0.000000000,3.700000000,SECONDARY_ONLY_AFFINITY,MIXED_WINDOW,0.000000000,1.000000000,cello,10.100000000,MIXED_DOMINANT,violin organ,2,violin+organ
1148,9.3'-,5135,cello,7.214285710,violin,7.014285710,AMBIGUOUS,WINNER_OUTSIDE_TARGET_WINDOW,1.100000000,NO_INSTRUMENT_TRACE,MIXED_WINDOW,0.000000000,0.000000000,7.014285710,HIGH_BODY_AFFINITY,OTHER_ONLY_WINDOW,0.571428571,0.000000000,7.214285710,HIGH_BODY_AFFINITY,OTHER_ONLY_WINDOW,0.571428571,0.000000000,3.600000000,SECONDARY_ONLY_AFFINITY,MIXED_WINDOW,0.000000000,1.000000000,cello,7.214285710,MIXED_DOMINANT,violin organ,2,violin+organ
1149,9.3'-,5180,cello,8.850000000,violin,7.850000000,LEANING_WINNER,WINNER_OUTSIDE_TARGET_WINDOW,1.800000000,NO_INSTRUMENT_TRACE,TARGET_ONLY_WINDOW,0.000000000,0.000000000,7.850000000,HIGH_BODY_AFFINITY,OTHER_ONLY_WINDOW,0.625000000,0.000000000,8.850000000,HIGH_BODY_AFFINITY,OTHER_ONLY_WINDOW,0.625000000,0.000000000,3.100000000,SECONDARY_ONLY_AFFINITY,OTHER_ONLY_WINDOW,0.000000000,1.000000000,cello,8.850000000,LEANING_DOMINANT,violin organ,2,violin+organ
1150,9.3'-,5188,cello,8.900000000,violin,8.300000000,AMBIGUOUS,WINNER_OUTSIDE_TARGET_WINDOW,1.400000000,NO_INSTRUMENT_TRACE,TARGET_ONLY_WINDOW,0.000000000,0.000000000,8.300000000,HIGH_BODY_AFFINITY,OTHER_ONLY_WINDOW,0.750000000,0.000000000,8.900000000,HIGH_BODY_AFFINITY,OTHER_ONLY_WINDOW,0.750000000,0.000000000,2.700000000,SECONDARY_ONLY_AFFINITY,OTHER_ONLY_WINDOW,0.000000000,1.000000000,cello,8.900000000,MIXED_DOMINANT,violin organ,2,violin+organ
1151,9.3'-,5213,cello,7.600000000,violin,6.800000000,AMBIGUOUS,WINNER_OUTSIDE_TARGET_WINDOW,1.400000000,NO_INSTRUMENT_TRACE,MIXED_WINDOW,0.000000000,0.000000000,6.800000000,HIGH_BODY_AFFINITY,OTHER_ONLY_WINDOW,0.500000000,0.000000000,7.600000000,HIGH_BODY_AFFINITY,OTHER_ONLY_WINDOW,0.500000000,0.000000000,3.650000000,SECONDARY_ONLY_AFFINITY,MIXED_WINDOW,0.000000000,0.900000000,cello,7.600000000,MIXED_DOMINANT,violin organ,2,violin+organ
1153,9.3'-,5218,cello,7.614285710,violin,7.014285710,AMBIGUOUS,WINNER_OUTSIDE_TARGET_WINDOW,1.100000000,NO_INSTRUMENT_TRACE,MIXED_WINDOW,0.000000000,0.000000000,7.014285710,HIGH_BODY_AFFINITY,OTHER_ONLY_WINDOW,0.571428571,0.000000000,7.614285710,HIGH_BODY_AFFINITY,OTHER_ONLY_WINDOW,0.571428571,0.000000000,3.600000000,SECONDARY_ONLY_AFFINITY,MIXED_WINDOW,0.000000000,1.000000000,cello,7.614285710,MIXED_DOMINANT,violin organ,2,violin+organ
1247,9.4'-,4821,piano,11.533333330,cello,9.266666670,LEANING_WINNER,WINNER_IN_OWN_TARGET_WINDOW,11.533333330,HIGH_BODY_AFFINITY,TARGET_ONLY_WINDOW,0.833333333,0.000000000,8.466666670,HIGH_BODY_AFFINITY,OTHER_ONLY_WINDOW,0.666666667,0.000000000,9.266666670,HIGH_BODY_AFFINITY,OTHER_ONLY_WINDOW,0.666666667,0.000000000,0.400000000,NO_INSTRUMENT_TRACE,OTHER_ONLY_WINDOW,0.000000000,0.000000000,piano,11.533333330,OWN_WINDOW_DOMINANT,,0,<NONE>
1248,9.4'-,4825,cello,11.700000000,piano,8.766666670,CLEAR_WINNER,WINNER_OUTSIDE_TARGET_WINDOW,8.766666670,HIGH_BODY_AFFINITY,TARGET_ONLY_WINDOW,0.666666667,0.000000000,7.366666670,HIGH_BODY_AFFINITY,OTHER_ONLY_WINDOW,0.666666667,0.000000000,11.700000000,HIGH_BODY_AFFINITY,OTHER_ONLY_WINDOW,1.000000000,0.000000000,0.100000000,NO_INSTRUMENT_TRACE,OTHER_ONLY_WINDOW,0.000000000,0.000000000,cello,11.700000000,CLEAR_DOMINANT,piano,1,piano
1249,9.4'-,4853,piano,11.677777780,cello,9.766666670,LEANING_WINNER,WINNER_IN_OWN_TARGET_WINDOW,11.677777780,HIGH_BODY_AFFINITY,TARGET_ONLY_WINDOW,0.777777778,0.000000000,9.566666670,HIGH_BODY_AFFINITY,OTHER_ONLY_WINDOW,0.666666667,0.000000000,9.766666670,HIGH_BODY_AFFINITY,OTHER_ONLY_WINDOW,0.666666667,0.000000000,0.700000000,NO_INSTRUMENT_TRACE,OTHER_ONLY_WINDOW,0.000000000,0.000000000,piano,11.677777780,OWN_WINDOW_DOMINANT,,0,<NONE>
1295,9.5'-,5271,cello,13.600000000,piano,11.350000000,LEANING_WINNER,WINNER_IN_MIXED_WINDOW,11.350000000,HIGH_BODY_AFFINITY,MIXED_WINDOW,0.875000000,0.000000000,1.200000000,NO_INSTRUMENT_TRACE,MIXED_WINDOW,0.000000000,0.000000000,13.600000000,HIGH_BODY_AFFINITY,MIXED_WINDOW,1.000000000,0.000000000,3.075000000,SECONDARY_ONLY_AFFINITY,MIXED_WINDOW,0.000000000,0.750000000,cello,13.600000000,CLEAR_DOMINANT,piano organ,2,piano+organ
1296,9.5'-,5304,piano,13.100000000,cello,12.900000000,AMBIGUOUS,WINNER_IN_OWN_TARGET_WINDOW,13.100000000,HIGH_BODY_AFFINITY,TARGET_ONLY_WINDOW,1.000000000,0.000000000,0.500000000,NO_INSTRUMENT_TRACE,OTHER_ONLY_WINDOW,0.000000000,0.000000000,12.900000000,HIGH_BODY_AFFINITY,OTHER_ONLY_WINDOW,1.000000000,0.000000000,3.000000000,SECONDARY_ONLY_AFFINITY,OTHER_ONLY_WINDOW,0.000000000,1.000000000,piano,13.100000000,MIXED_DOMINANT,cello organ,2,cello+organ
1297,9.5'-,5365,organ,2.366666668,piano,0.700000000,LEANING_WINNER,WINNER_IN_MIXED_WINDOW,0.700000000,NO_INSTRUMENT_TRACE,MIXED_WINDOW,0.000000000,0.000000000,0.100000000,NO_INSTRUMENT_TRACE,OTHER_ONLY_WINDOW,0.000000000,0.000000000,0.100000000,NO_INSTRUMENT_TRACE,OTHER_ONLY_WINDOW,0.000000000,0.000000000,2.366666668,SECONDARY_ONLY_AFFINITY,MIXED_WINDOW,0.000000000,0.666666667,organ,2.366666668,CLEAR_DOMINANT,,0,<NONE>
1299,9.5'-,5393,cello,2.828571430,piano,2.828571430,AMBIGUOUS,WINNER_IN_MIXED_WINDOW,2.828571430,WEAK_INSTRUMENT_TRACE,MIXED_WINDOW,0.142857143,0.000000000,1.200000000,NO_INSTRUMENT_TRACE,MIXED_WINDOW,0.000000000,0.000000000,2.828571430,WEAK_INSTRUMENT_TRACE,MIXED_WINDOW,0.142857143,0.000000000,1.914285715,SECONDARY_ONLY_AFFINITY,MIXED_WINDOW,0.000000000,0.285714286,cello,2.828571430,MIXED_DOMINANT,piano organ,2,piano+organ
1376,9.6'-,4967,piano,4.833333330,cello,3.833333330,LEANING_WINNER,WINNER_IN_OWN_TARGET_WINDOW,4.833333330,MEDIUM_BODY_AFFINITY,TARGET_ONLY_WINDOW,0.333333333,0.000000000,0.100000000,NO_INSTRUMENT_TRACE,OTHER_ONLY_WINDOW,0.000000000,0.000000000,3.833333330,MEDIUM_BODY_AFFINITY,OTHER_ONLY_WINDOW,0.333333333,0.000000000,0.100000000,NO_INSTRUMENT_TRACE,OTHER_ONLY_WINDOW,0.000000000,0.000000000,piano,4.833333330,OWN_WINDOW_DOMINANT,cello,1,cello
1378,9.6'-,5064,cello,11.100000000,piano,8.366666670,CLEAR_WINNER,WINNER_OUTSIDE_TARGET_WINDOW,8.366666670,HIGH_BODY_AFFINITY,TARGET_ONLY_WINDOW,0.666666667,0.000000000,0.100000000,NO_INSTRUMENT_TRACE,OTHER_ONLY_WINDOW,0.000000000,0.000000000,11.100000000,HIGH_BODY_AFFINITY,OTHER_ONLY_WINDOW,1.000000000,0.000000000,0.100000000,NO_INSTRUMENT_TRACE,OTHER_ONLY_WINDOW,0.000000000,0.000000000,cello,11.100000000,CLEAR_DOMINANT,piano,1,piano
1511,9.8'-,5108,piano,12.100000000,cello,7.166666670,CLEAR_WINNER,WINNER_IN_OWN_TARGET_WINDOW,12.100000000,HIGH_BODY_AFFINITY,TARGET_ONLY_WINDOW,1.000000000,0.000000000,3.633333330,MEDIUM_BODY_AFFINITY,OTHER_ONLY_WINDOW,0.333333333,0.000000000,7.166666670,HIGH_BODY_AFFINITY,OTHER_ONLY_WINDOW,0.666666667,0.000000000,0.100000000,NO_INSTRUMENT_TRACE,OTHER_ONLY_WINDOW,0.000000000,0.000000000,piano,12.100000000,OWN_WINDOW_DOMINANT,,0,<NONE>
1512,9.8'-,5159,piano,6.600000000,cello,6.200000000,AMBIGUOUS,WINNER_IN_MIXED_WINDOW,6.600000000,HIGH_BODY_AFFINITY,MIXED_WINDOW,0.500000000,0.000000000,6.200000000,HIGH_BODY_AFFINITY,MIXED_WINDOW,0.500000000,0.000000000,6.200000000,HIGH_BODY_AFFINITY,MIXED_WINDOW,0.500000000,0.000000000,0.800000000,NO_INSTRUMENT_TRACE,MIXED_WINDOW,0.000000000,0.000000000,piano,6.600000000,MIXED_DOMINANT,cello violin,2,cello+violin
1514,9.8'-,5174,piano,8.566666670,cello,3.633333330,CLEAR_WINNER,WINNER_IN_OWN_TARGET_WINDOW,8.566666670,HIGH_BODY_AFFINITY,TARGET_ONLY_WINDOW,0.666666667,0.000000000,3.633333330,MEDIUM_BODY_AFFINITY,OTHER_ONLY_WINDOW,0.333333333,0.000000000,3.633333330,MEDIUM_BODY_AFFINITY,OTHER_ONLY_WINDOW,0.333333333,0.000000000,0.100000000,NO_INSTRUMENT_TRACE,OTHER_ONLY_WINDOW,0.000000000,0.000000000,piano,8.566666670,OWN_WINDOW_DOMINANT,,0,<NONE>
1515,9.8'-,5191,piano,12.800000000,cello,10.400000000,LEANING_WINNER,WINNER_IN_MIXED_WINDOW,12.800000000,HIGH_BODY_AFFINITY,MIXED_WINDOW,0.900000000,0.000000000,9.200000000,HIGH_BODY_AFFINITY,OTHER_ONLY_WINDOW,0.700000000,0.000000000,10.400000000,HIGH_BODY_AFFINITY,OTHER_ONLY_WINDOW,0.800000000,0.000000000,1.400000000,NO_INSTRUMENT_TRACE,MIXED_WINDOW,0.000000000,0.000000000,piano,12.800000000,CLEAR_DOMINANT,,0,<NONE>
1516,9.8'-,5195,piano,12.700000000,cello,9.100000000,CLEAR_WINNER,WINNER_IN_MIXED_WINDOW,12.700000000,HIGH_BODY_AFFINITY,MIXED_WINDOW,1.000000000,0.000000000,9.100000000,HIGH_BODY_AFFINITY,OTHER_ONLY_WINDOW,0.800000000,0.000000000,9.100000000,HIGH_BODY_AFFINITY,OTHER_ONLY_WINDOW,0.800000000,0.000000000,0.900000000,NO_INSTRUMENT_TRACE,MIXED_WINDOW,0.000000000,0.000000000,piano,12.700000000,CLEAR_DOMINANT,,0,<NONE>
1517,9.8'-,5253,piano,8.014285710,cello,5.985714290,LEANING_WINNER,WINNER_IN_MIXED_WINDOW,8.014285710,HIGH_BODY_AFFINITY,MIXED_WINDOW,0.571428571,0.000000000,5.985714290,HIGH_BODY_AFFINITY,MIXED_WINDOW,0.428571429,0.000000000,5.985714290,HIGH_BODY_AFFINITY,MIXED_WINDOW,0.428571429,0.000000000,0.500000000,NO_INSTRUMENT_TRACE,OTHER_ONLY_WINDOW,0.000000000,0.000000000,piano,8.014285710,CLEAR_DOMINANT,cello violin,2,cello+violin
1518,9.8'-,5260,cello,4.333333330,piano,4.333333330,AMBIGUOUS,WINNER_IN_MIXED_WINDOW,4.333333330,MEDIUM_BODY_AFFINITY,MIXED_WINDOW,0.333333333,0.000000000,4.333333330,MEDIUM_BODY_AFFINITY,MIXED_WINDOW,0.333333333,0.000000000,4.333333330,MEDIUM_BODY_AFFINITY,MIXED_WINDOW,0.333333333,0.000000000,0.200000000,NO_INSTRUMENT_TRACE,OTHER_ONLY_WINDOW,0.000000000,0.000000000,cello,4.333333330,MIXED_DOMINANT,piano violin,2,piano+violin
1519,9.8'-,5346,piano,12.400000000,cello,11.000000000,LEANING_WINNER,WINNER_IN_MIXED_WINDOW,12.400000000,HIGH_BODY_AFFINITY,MIXED_WINDOW,1.000000000,0.000000000,11.000000000,HIGH_BODY_AFFINITY,OTHER_ONLY_WINDOW,1.000000000,0.000000000,11.000000000,HIGH_BODY_AFFINITY,OTHER_ONLY_WINDOW,1.000000000,0.000000000,0.800000000,NO_INSTRUMENT_TRACE,MIXED_WINDOW,0.000000000,0.000000000,piano,12.400000000,LEANING_DOMINANT,,0,<NONE>
1812,9.C'-,5116,piano,7.966666670,cello,7.366666670,AMBIGUOUS,WINNER_IN_MIXED_WINDOW,7.966666670,HIGH_BODY_AFFINITY,MIXED_WINDOW,0.666666667,0.000000000,0.100000000,NO_INSTRUMENT_TRACE,OTHER_ONLY_WINDOW,0.000000000,0.000000000,7.366666670,HIGH_BODY_AFFINITY,OTHER_ONLY_WINDOW,0.666666667,0.000000000,0.700000000,NO_INSTRUMENT_TRACE,MIXED_WINDOW,0.000000000,0.000000000,piano,7.966666670,MIXED_DOMINANT,cello,1,cello
1914,A.1'-,4901,organ,22.700000003,piano,5.433333330,CLEAR_WINNER,WINNER_OUTSIDE_TARGET_WINDOW,5.433333330,MEDIUM_BODY_AFFINITY,TARGET_ONLY_WINDOW,0.333333333,0.000000000,4.033333330,MEDIUM_BODY_AFFINITY,OTHER_ONLY_WINDOW,0.333333333,0.000000000,4.033333330,MEDIUM_BODY_AFFINITY,OTHER_ONLY_WINDOW,0.333333333,0.000000000,22.700000003,HIGH_BODY_AFFINITY,OTHER_ONLY_WINDOW,1.666666667,1.333333333,organ,22.700000003,CLEAR_DOMINANT,piano,1,piano
1915,A.1'-,4935,organ,17.800000000,piano,9.000000000,CLEAR_WINNER,WINNER_OUTSIDE_TARGET_WINDOW,9.000000000,HIGH_BODY_AFFINITY,TARGET_ONLY_WINDOW,0.600000000,0.000000000,7.200000000,HIGH_BODY_AFFINITY,OTHER_ONLY_WINDOW,0.600000000,0.000000000,7.600000000,HIGH_BODY_AFFINITY,OTHER_ONLY_WINDOW,0.600000000,0.000000000,17.800000000,HIGH_BODY_AFFINITY,OTHER_ONLY_WINDOW,1.200000000,1.200000000,organ,17.800000000,CLEAR_DOMINANT,piano,1,piano
1979,A.3'-,4965,organ,15.607142857,piano,12.571428570,CLEAR_WINNER,WINNER_IN_MIXED_WINDOW,12.571428570,HIGH_BODY_AFFINITY,MIXED_WINDOW,0.857142857,0.000000000,11.857142860,HIGH_BODY_AFFINITY,MIXED_WINDOW,0.785714286,0.000000000,9.357142860,HIGH_BODY_AFFINITY,MIXED_WINDOW,0.535714286,0.000000000,15.607142857,HIGH_BODY_AFFINITY,MIXED_WINDOW,1.000000000,0.642857143,organ,15.607142857,CLEAR_DOMINANT,piano violin cello,3,piano+violin+cello
1980,A.3'-,5038,organ,15.900000000,piano,13.400000000,CLEAR_WINNER,WINNER_IN_MIXED_WINDOW,13.400000000,HIGH_BODY_AFFINITY,MIXED_WINDOW,1.000000000,0.000000000,12.200000000,HIGH_BODY_AFFINITY,MIXED_WINDOW,1.000000000,0.000000000,12.200000000,HIGH_BODY_AFFINITY,MIXED_WINDOW,1.000000000,0.000000000,15.900000000,HIGH_BODY_AFFINITY,MIXED_WINDOW,1.000000000,1.000000000,organ,15.900000000,CLEAR_DOMINANT,piano cello violin,3,piano+cello+violin
1981,A.3'-,5095,organ,15.000000000,piano,12.500000000,CLEAR_WINNER,WINNER_OUTSIDE_TARGET_WINDOW,12.500000000,HIGH_BODY_AFFINITY,MIXED_WINDOW,1.000000000,0.000000000,11.300000000,HIGH_BODY_AFFINITY,MIXED_WINDOW,1.000000000,0.000000000,11.300000000,HIGH_BODY_AFFINITY,MIXED_WINDOW,1.000000000,0.000000000,15.000000000,HIGH_BODY_AFFINITY,OTHER_ONLY_WINDOW,1.000000000,1.000000000,organ,15.000000000,CLEAR_DOMINANT,piano cello violin,3,piano+cello+violin
2031,A.5'-,5309,organ,21.025000000,piano,18.900000000,LEANING_WINNER,WINNER_OUTSIDE_TARGET_WINDOW,18.900000000,HIGH_BODY_AFFINITY,TARGET_ONLY_WINDOW,1.500000000,0.000000000,14.000000000,HIGH_BODY_AFFINITY,OTHER_ONLY_WINDOW,1.250000000,0.000000000,14.000000000,HIGH_BODY_AFFINITY,OTHER_ONLY_WINDOW,1.250000000,0.000000000,21.025000000,HIGH_BODY_AFFINITY,OTHER_ONLY_WINDOW,1.500000000,1.250000000,organ,21.025000000,CLEAR_DOMINANT,piano,1,piano
2032,A.5'-,5398,organ,21.000000000,violin,16.500000000,CLEAR_WINNER,WINNER_IN_MIXED_WINDOW,13.100000000,HIGH_BODY_AFFINITY,MIXED_WINDOW,1.000000000,0.000000000,16.500000000,HIGH_BODY_AFFINITY,MIXED_WINDOW,1.400000000,0.000000000,12.100000000,HIGH_BODY_AFFINITY,MIXED_WINDOW,1.000000000,0.000000000,21.000000000,HIGH_BODY_AFFINITY,MIXED_WINDOW,1.400000000,1.400000000,organ,21.000000000,CLEAR_DOMINANT,violin piano cello,3,violin+piano+cello
2162,B.1'-,4907,piano,14.000000000,violin,13.090909090,AMBIGUOUS,WINNER_IN_MIXED_WINDOW,14.000000000,HIGH_BODY_AFFINITY,MIXED_WINDOW,1.000000000,0.000000000,13.090909090,HIGH_BODY_AFFINITY,MIXED_WINDOW,0.909090909,0.000000000,10.472727270,HIGH_BODY_AFFINITY,MIXED_WINDOW,0.727272727,0.000000000,1.600000000,NO_INSTRUMENT_TRACE,MIXED_WINDOW,0.000000000,0.000000000,piano,14.000000000,LEANING_DOMINANT,violin cello,2,violin+cello
2163,B.1'-,4943,piano,16.600000000,violin,13.400000000,CLEAR_WINNER,WINNER_IN_OWN_TARGET_WINDOW,16.600000000,HIGH_BODY_AFFINITY,TARGET_ONLY_WINDOW,1.200000000,0.000000000,13.400000000,HIGH_BODY_AFFINITY,OTHER_ONLY_WINDOW,1.000000000,0.000000000,11.800000000,HIGH_BODY_AFFINITY,OTHER_ONLY_WINDOW,0.900000000,0.000000000,1.000000000,NO_INSTRUMENT_TRACE,OTHER_ONLY_WINDOW,0.000000000,0.000000000,piano,16.600000000,OWN_WINDOW_DOMINANT,,0,<NONE>
